Workbook
Name N_CHILLERS: 'INPUTS'!$B$4
Name Q_RAT_KW: 'INPUTS'!$B$5
Name COP_RAT: 'INPUTS'!$B$6
Name T_LET_RAT: 'INPUTS'!$B$7
Name T_LET_DES: 'INPUTS'!$B$8
Name T_ODB_RAT: 'INPUTS'!$B$9
Name FAN_POWER_KW: 'INPUTS'!$B$10
Name T_SWITCH: 'INPUTS'!$B$13
Name ETA_SAT: 'INPUTS'!$B$14
Name COND_INLET_T_OFFSET: 'INPUTS'!$B$15
Name PLR_MIN: 'INPUTS'!$B$18
Name PLR_MIN_CALC: 'INPUTS'!$B$19
Name COP_MAX: 'INPUTS'!$B$20
Name CAP_C00: 'INPUTS'!$B$24
Name CAP_C10: 'INPUTS'!$C$24
Name CAP_C20: 'INPUTS'!$D$24
Name CAP_C01: 'INPUTS'!$E$24
Name CAP_C02: 'INPUTS'!$F$24
Name CAP_C11: 'INPUTS'!$G$24
Name EIR_C00: 'INPUTS'!$B$25
Name EIR_C10: 'INPUTS'!$C$25
Name EIR_C20: 'INPUTS'!$D$25
Name EIR_C01: 'INPUTS'!$E$25
Name EIR_C02: 'INPUTS'!$F$25
Name EIR_C11: 'INPUTS'!$G$25
Name PT_C00: 'INPUTS'!$B$26
Name PT_C10: 'INPUTS'!$C$26
Name PT_C20: 'INPUTS'!$D$26
Name PT_C01: 'INPUTS'!$E$26
Name PT_C02: 'INPUTS'!$F$26
Name PT_C11: 'INPUTS'!$G$26
Name EIR_RAT: 'INPUTS'!$B$29
Name dT_RAT: 'INPUTS'!$B$30
Name C_NORM_CAP: 'INPUTS'!$B$31
Name C_NORM_EIR: 'INPUTS'!$B$32
Name C_NORM_PT: 'INPUTS'!$B$33

Sheet INPUTS
A1: ACC Adiabatic Relief — Simulation Inputs
A2: A PLANT CONFIGURATION
A3: Parameter | B3: Value | C3: Notes
A4: N_CHILLERS | B4: 9 | C4: Number of identical chillers in plant
A5: Q_RAT_KW | B5: 2200 | C5: Rated cooling capacity per chiller (kW)
A6: COP_RAT | B6: 4.8 | C6: Rated COP at rated conditions
A7: T_LET_RAT | B7: 24 | C7: Rated leaving evaporator temp — curve normalisation only (°C)
A8: T_LET_DES | B8: 24 | C8: Operating CHW supply setpoint used in simulation (°C)
A9: T_ODB_RAT | B9: 32 | C9: Rated outdoor dry-bulb temp (°C)
A10: FAN_POWER_KW | B10: 0 | C10: Condenser fan power per chiller — embedded in EIR, typically 0 (kW)
A12: B ADIABATIC RELIEF PARAMETERS
A13: T_SWITCH | B13: 31 | C13: Pad activation threshold — pads ON when T_odb strictly > this (°C)
A14: ETA_SAT | B14: 0.78 | C14: Pad saturation efficiency (0–1); typical 0.65–0.80
A15: COND_INLET_T_OFFSET | B15: 5 | C15: Heat recirculation offset added after pad cooling (°C); 0 for open installation
A17: C OPERATING LIMITS
A18: PLR_MIN | B18: 0.1 | C18: Min PLR threshold — hours below this are flagged (no cutoff applied)
A19: PLR_MIN_CALC | B19: 0.8 | C19: Min PLR used in EIR part-load curve evaluation
A20: COP_MAX | B20: 30 | C20: Hard COP ceiling (enforced as EIR floor = 1/COP_MAX)
A22: D BI-QUADRATIC CURVE COEFFICIENTS
A23: Curve | B23: C00 | C23: C10 | D23: C20 | E23: C01 | F23: C02 | G23: C11 | H23: Notes
A24: CAP_FTT — Capacity vs (T_let, T_odb) | B24: 1.2896866 | C24: 0 | D24: 0.0008606 | E24: 0 | F24: -0.00136091 | G24: 0.00208111 | H24: x = T_let (°C), y = T_odb / T_chiller_inlet (°C)
A25: EIR_FTT — EIR vs (T_let, T_odb) | B25: 0.27625998 | C25: 0 | D25: -0.00047595 | E25: 0 | F25: 0.00106207 | G25: -0.00011086 | H25: x = T_let (°C), y = T_odb / T_chiller_inlet (°C)
A26: EIR_FPT — EIR vs (PLR, T_odb − T_let) | B26: 0.00144273 | C26: 0.34459557 | D26: 0.66002771 | E26: 0.00080729 | F26: -5.261e-05 | G26: -0.00117824 | H26: x = PLR, y = T_chiller_inlet − T_let (°C)
A28: E NORMALISATION CONSTANTS (auto-calculated — do not edit)
A29: EIR_RAT | B29: =1/COP_RAT | C29: Rated EIR = 1 / COP_RAT
A30: dT_RAT | B30: =T_ODB_RAT-T_LET_RAT | C30: Rated condenser-evap temperature difference
A31: C_NORM_CAP | B31: =CAP_C00+CAP_C10*T_LET_RAT+CAP_C20*T_LET_RAT^2+CAP_C01*T_ODB_RAT+CAP_C02*T_ODB_RAT^2+CAP_C11*T_LET_RAT*T_ODB_RAT | C31: CAP_FTT evaluated at rated conditions (should ≈ C_NORM_CAP itself — verify ~1.0 before C_NORM division)
A32: C_NORM_EIR | B32: =EIR_C00+EIR_C10*T_LET_RAT+EIR_C20*T_LET_RAT^2+EIR_C01*T_ODB_RAT+EIR_C02*T_ODB_RAT^2+EIR_C11*T_LET_RAT*T_ODB_RAT | C32: EIR_FTT evaluated at rated conditions
A33: C_NORM_PT | B33: =PT_C00+PT_C10*1+PT_C20*1^2+PT_C01*dT_RAT+PT_C02*dT_RAT^2+PT_C11*1*dT_RAT | C33: EIR_FPT evaluated at PLR=1, dT=dT_RAT

Sheet WEATHER_DATA
C1: Dry-bulb temperature (°C) | D1: Wet-bulb temperature (°C)
C2: <paste EPW filename here> | D2: <paste EPW filename here>
A3: Date | B3: Time | C3: T_odb_C | D3: T_wb_C
A4: ← Paste IES VistaPro weather export here (DBT & WBT columns only, 8,760 rows from row 4)

Sheet LOAD_DATA
C1: CHWL total load (kW)
C2: <paste circuit/loop name here>
A3: Date | B3: Time | C3: Q_plant_kW
A4: ← Paste IES VistaPro CHWL load export here (column C, 8,760 rows from row 4)

Sheet SIMULATION
A1: Index | B1: Weather | E1: Adiabatic | J1: Demand | K1: Chiller — Adiabatic | W1: Chiller — Dry Baseline | AH1: Plant Totals | AL1: Energy & Savings | AP1: Flags | AR1: Helper
A3: Hour | B3: T_odb_C | C3: T_wb_C | D3: Q_plant_demand_kW | E3: adiabatic_active | F3: T_odb_eff_C | G3: T_depression_C | H3: T_chiller_inlet_C | I3: T_dry_inlet_C | J3: Q_chiller_demand_kW | K3: fCAPtt_adi | L3: Q_cap_chiller_adi | M3: Q_served_adi | N3: Q_unmet_adi | O3: PLR_adi | P3: PLR_calc_adi | Q3: fEIRtt_adi | R3: dT_adi | S3: fEIRpt_adi | T3: EIR_adi | U3: COP_adi | V3: P_plant_adi_kW | W3: fCAPtt_dry | X3: Q_cap_chiller_dry | Y3: Q_served_dry | Z3: PLR_dry | AA3: PLR_calc_dry | AB3: fEIRtt_dry | AC3: dT_dry | AD3: fEIRpt_dry | AE3: EIR_dry | AF3: COP_dry | AG3: P_plant_dry_kW | AH3: Q_plant_cap_adi_kW | AI3: Q_plant_cap_dry_kW | AJ3: Q_plant_served_kW | AK3: Q_plant_unmet_kW | AL3: P_saving_kW | AM3: E_plant_adi_kWh | AN3: E_plant_dry_kWh | AO3: E_saving_kWh | AP3: over_capacity_flag | AQ3: low_PLR_flag | AR3: month_num
A4: =ROW()-3 | B4: =WEATHER_DATA!C4 | C4: =WEATHER_DATA!D4 | D4: =LOAD_DATA!C4 | E4: =IF(B4>T_SWITCH,TRUE,FALSE) | F4: =IF(E4,MAX(C4,B4-ETA_SAT*(B4-C4)),B4) | G4: =B4-F4 | H4: =F4+COND_INLET_T_OFFSET | I4: =B4+COND_INLET_T_OFFSET | J4: =IF(D4>0,D4/N_CHILLERS,0) | K4: =(CAP_C00+CAP_C10*T_LET_DES+CAP_C20*T_LET_DES^2+CAP_C01*H4+CAP_C02*H4^2+CAP_C11*T_LET_DES*H4)/C_NORM_CAP | L4: =Q_RAT_KW*K4 | M4: =IF(J4>0,MIN(J4,L4),0) | N4: =IF(J4>0,MAX(0,J4-L4),0) | O4: =IF(L4>0,M4/L4,0) | P4: =IF(O4>0,MAX(O4,PLR_MIN_CALC),0) | Q4: =(EIR_C00+EIR_C10*T_LET_DES+EIR_C20*T_LET_DES^2+EIR_C01*H4+EIR_C02*H4^2+EIR_C11*T_LET_DES*H4)/C_NORM_EIR | R4: =H4-T_LET_DES | S4: =(PT_C00+PT_C10*P4+PT_C20*P4^2+PT_C01*R4+PT_C02*R4^2+PT_C11*P4*R4)/C_NORM_PT | T4: =IF(O4>0,MAX(1/COP_MAX,EIR_RAT*Q4*S4),0) | U4: =IF(T4>0,1/T4,0) | V4: =M4*T4*N_CHILLERS | W4: =(CAP_C00+CAP_C10*T_LET_DES+CAP_C20*T_LET_DES^2+CAP_C01*I4+CAP_C02*I4^2+CAP_C11*T_LET_DES*I4)/C_NORM_CAP | X4: =Q_RAT_KW*W4 | Y4: =IF(J4>0,MIN(J4,X4),0) | Z4: =IF(X4>0,Y4/X4,0) | AA4: =IF(Z4>0,MAX(Z4,PLR_MIN_CALC),0) | AB4: =(EIR_C00+EIR_C10*T_LET_DES+EIR_C20*T_LET_DES^2+EIR_C01*I4+EIR_C02*I4^2+EIR_C11*T_LET_DES*I4)/C_NORM_EIR | AC4: =I4-T_LET_DES | AD4: =(PT_C00+PT_C10*AA4+PT_C20*AA4^2+PT_C01*AC4+PT_C02*AC4^2+PT_C11*AA4*AC4)/C_NORM_PT | AE4: =IF(Z4>0,MAX(1/COP_MAX,EIR_RAT*AB4*AD4),0) | AF4: =IF(AE4>0,1/AE4,0) | AG4: =Y4*AE4*N_CHILLERS | AH4: =L4*N_CHILLERS | AI4: =X4*N_CHILLERS | AJ4: =M4*N_CHILLERS | AK4: =N4*N_CHILLERS | AL4: =AG4-V4 | AM4: =V4 | AN4: =AG4 | AO4: =AL4 | AP4: =IF(J4>L4,TRUE,FALSE) | AQ4: =IF(AND(O4>0,O4<PLR_MIN),TRUE,FALSE) | AR4: =MONTH(DATE(2025,1,1)+(A4-1)/24)
A5: ↑ Select row 4 (all columns A:AR), then drag fill handle down to row 8763 (8,760 hours)

Sheet MONTHLY_SUMMARY
A1: Monthly Summary
A3: Month | B3: Month# | C3: E_adi_MWh | D3: E_dry_MWh | E3: E_saving_MWh | F3: Saving_% | G3: Adi_hrs | H3: Avg_COP_adi | I3: Avg_COP_dry | J3: Q_served_MWh | K3: Q_unmet_kWh | L3: Avg_PLR_adi
A4: Jan | B4: 1 | C4: =SUMIF(SIMULATION!AR:AR,B4,SIMULATION!AM:AM)/1000 | D4: =SUMIF(SIMULATION!AR:AR,B4,SIMULATION!AN:AN)/1000 | E4: =SUMIF(SIMULATION!AR:AR,B4,SIMULATION!AO:AO)/1000 | F4: =IFERROR(E4/D4,0) | G4: =COUNTIFS(SIMULATION!AR:AR,B4,SIMULATION!E:E,TRUE) | H4: =IFERROR(AVERAGEIFS(SIMULATION!U:U,SIMULATION!AR:AR,B4,SIMULATION!U:U,">"&0),0) | I4: =IFERROR(AVERAGEIFS(SIMULATION!AF:AF,SIMULATION!AR:AR,B4,SIMULATION!AF:AF,">"&0),0) | J4: =SUMIF(SIMULATION!AR:AR,B4,SIMULATION!AJ:AJ)/1000 | K4: =SUMIF(SIMULATION!AR:AR,B4,SIMULATION!AK:AK) | L4: =IFERROR(AVERAGEIFS(SIMULATION!O:O,SIMULATION!AR:AR,B4,SIMULATION!O:O,">"&0),0)
A5: Feb | B5: 2 | C5: =SUMIF(SIMULATION!AR:AR,B5,SIMULATION!AM:AM)/1000 | D5: =SUMIF(SIMULATION!AR:AR,B5,SIMULATION!AN:AN)/1000 | E5: =SUMIF(SIMULATION!AR:AR,B5,SIMULATION!AO:AO)/1000 | F5: =IFERROR(E5/D5,0) | G5: =COUNTIFS(SIMULATION!AR:AR,B5,SIMULATION!E:E,TRUE) | H5: =IFERROR(AVERAGEIFS(SIMULATION!U:U,SIMULATION!AR:AR,B5,SIMULATION!U:U,">"&0),0) | I5: =IFERROR(AVERAGEIFS(SIMULATION!AF:AF,SIMULATION!AR:AR,B5,SIMULATION!AF:AF,">"&0),0) | J5: =SUMIF(SIMULATION!AR:AR,B5,SIMULATION!AJ:AJ)/1000 | K5: =SUMIF(SIMULATION!AR:AR,B5,SIMULATION!AK:AK) | L5: =IFERROR(AVERAGEIFS(SIMULATION!O:O,SIMULATION!AR:AR,B5,SIMULATION!O:O,">"&0),0)
A6: Mar | B6: 3 | C6: =SUMIF(SIMULATION!AR:AR,B6,SIMULATION!AM:AM)/1000 | D6: =SUMIF(SIMULATION!AR:AR,B6,SIMULATION!AN:AN)/1000 | E6: =SUMIF(SIMULATION!AR:AR,B6,SIMULATION!AO:AO)/1000 | F6: =IFERROR(E6/D6,0) | G6: =COUNTIFS(SIMULATION!AR:AR,B6,SIMULATION!E:E,TRUE) | H6: =IFERROR(AVERAGEIFS(SIMULATION!U:U,SIMULATION!AR:AR,B6,SIMULATION!U:U,">"&0),0) | I6: =IFERROR(AVERAGEIFS(SIMULATION!AF:AF,SIMULATION!AR:AR,B6,SIMULATION!AF:AF,">"&0),0) | J6: =SUMIF(SIMULATION!AR:AR,B6,SIMULATION!AJ:AJ)/1000 | K6: =SUMIF(SIMULATION!AR:AR,B6,SIMULATION!AK:AK) | L6: =IFERROR(AVERAGEIFS(SIMULATION!O:O,SIMULATION!AR:AR,B6,SIMULATION!O:O,">"&0),0)
A7: Apr | B7: 4 | C7: =SUMIF(SIMULATION!AR:AR,B7,SIMULATION!AM:AM)/1000 | D7: =SUMIF(SIMULATION!AR:AR,B7,SIMULATION!AN:AN)/1000 | E7: =SUMIF(SIMULATION!AR:AR,B7,SIMULATION!AO:AO)/1000 | F7: =IFERROR(E7/D7,0) | G7: =COUNTIFS(SIMULATION!AR:AR,B7,SIMULATION!E:E,TRUE) | H7: =IFERROR(AVERAGEIFS(SIMULATION!U:U,SIMULATION!AR:AR,B7,SIMULATION!U:U,">"&0),0) | I7: =IFERROR(AVERAGEIFS(SIMULATION!AF:AF,SIMULATION!AR:AR,B7,SIMULATION!AF:AF,">"&0),0) | J7: =SUMIF(SIMULATION!AR:AR,B7,SIMULATION!AJ:AJ)/1000 | K7: =SUMIF(SIMULATION!AR:AR,B7,SIMULATION!AK:AK) | L7: =IFERROR(AVERAGEIFS(SIMULATION!O:O,SIMULATION!AR:AR,B7,SIMULATION!O:O,">"&0),0)
A8: May | B8: 5 | C8: =SUMIF(SIMULATION!AR:AR,B8,SIMULATION!AM:AM)/1000 | D8: =SUMIF(SIMULATION!AR:AR,B8,SIMULATION!AN:AN)/1000 | E8: =SUMIF(SIMULATION!AR:AR,B8,SIMULATION!AO:AO)/1000 | F8: =IFERROR(E8/D8,0) | G8: =COUNTIFS(SIMULATION!AR:AR,B8,SIMULATION!E:E,TRUE) | H8: =IFERROR(AVERAGEIFS(SIMULATION!U:U,SIMULATION!AR:AR,B8,SIMULATION!U:U,">"&0),0) | I8: =IFERROR(AVERAGEIFS(SIMULATION!AF:AF,SIMULATION!AR:AR,B8,SIMULATION!AF:AF,">"&0),0) | J8: =SUMIF(SIMULATION!AR:AR,B8,SIMULATION!AJ:AJ)/1000 | K8: =SUMIF(SIMULATION!AR:AR,B8,SIMULATION!AK:AK) | L8: =IFERROR(AVERAGEIFS(SIMULATION!O:O,SIMULATION!AR:AR,B8,SIMULATION!O:O,">"&0),0)
A9: Jun | B9: 6 | C9: =SUMIF(SIMULATION!AR:AR,B9,SIMULATION!AM:AM)/1000 | D9: =SUMIF(SIMULATION!AR:AR,B9,SIMULATION!AN:AN)/1000 | E9: =SUMIF(SIMULATION!AR:AR,B9,SIMULATION!AO:AO)/1000 | F9: =IFERROR(E9/D9,0) | G9: =COUNTIFS(SIMULATION!AR:AR,B9,SIMULATION!E:E,TRUE) | H9: =IFERROR(AVERAGEIFS(SIMULATION!U:U,SIMULATION!AR:AR,B9,SIMULATION!U:U,">"&0),0) | I9: =IFERROR(AVERAGEIFS(SIMULATION!AF:AF,SIMULATION!AR:AR,B9,SIMULATION!AF:AF,">"&0),0) | J9: =SUMIF(SIMULATION!AR:AR,B9,SIMULATION!AJ:AJ)/1000 | K9: =SUMIF(SIMULATION!AR:AR,B9,SIMULATION!AK:AK) | L9: =IFERROR(AVERAGEIFS(SIMULATION!O:O,SIMULATION!AR:AR,B9,SIMULATION!O:O,">"&0),0)
A10: Jul | B10: 7 | C10: =SUMIF(SIMULATION!AR:AR,B10,SIMULATION!AM:AM)/1000 | D10: =SUMIF(SIMULATION!AR:AR,B10,SIMULATION!AN:AN)/1000 | E10: =SUMIF(SIMULATION!AR:AR,B10,SIMULATION!AO:AO)/1000 | F10: =IFERROR(E10/D10,0) | G10: =COUNTIFS(SIMULATION!AR:AR,B10,SIMULATION!E:E,TRUE) | H10: =IFERROR(AVERAGEIFS(SIMULATION!U:U,SIMULATION!AR:AR,B10,SIMULATION!U:U,">"&0),0) | I10: =IFERROR(AVERAGEIFS(SIMULATION!AF:AF,SIMULATION!AR:AR,B10,SIMULATION!AF:AF,">"&0),0) | J10: =SUMIF(SIMULATION!AR:AR,B10,SIMULATION!AJ:AJ)/1000 | K10: =SUMIF(SIMULATION!AR:AR,B10,SIMULATION!AK:AK) | L10: =IFERROR(AVERAGEIFS(SIMULATION!O:O,SIMULATION!AR:AR,B10,SIMULATION!O:O,">"&0),0)
A11: Aug | B11: 8 | C11: =SUMIF(SIMULATION!AR:AR,B11,SIMULATION!AM:AM)/1000 | D11: =SUMIF(SIMULATION!AR:AR,B11,SIMULATION!AN:AN)/1000 | E11: =SUMIF(SIMULATION!AR:AR,B11,SIMULATION!AO:AO)/1000 | F11: =IFERROR(E11/D11,0) | G11: =COUNTIFS(SIMULATION!AR:AR,B11,SIMULATION!E:E,TRUE) | H11: =IFERROR(AVERAGEIFS(SIMULATION!U:U,SIMULATION!AR:AR,B11,SIMULATION!U:U,">"&0),0) | I11: =IFERROR(AVERAGEIFS(SIMULATION!AF:AF,SIMULATION!AR:AR,B11,SIMULATION!AF:AF,">"&0),0) | J11: =SUMIF(SIMULATION!AR:AR,B11,SIMULATION!AJ:AJ)/1000 | K11: =SUMIF(SIMULATION!AR:AR,B11,SIMULATION!AK:AK) | L11: =IFERROR(AVERAGEIFS(SIMULATION!O:O,SIMULATION!AR:AR,B11,SIMULATION!O:O,">"&0),0)
A12: Sep | B12: 9 | C12: =SUMIF(SIMULATION!AR:AR,B12,SIMULATION!AM:AM)/1000 | D12: =SUMIF(SIMULATION!AR:AR,B12,SIMULATION!AN:AN)/1000 | E12: =SUMIF(SIMULATION!AR:AR,B12,SIMULATION!AO:AO)/1000 | F12: =IFERROR(E12/D12,0) | G12: =COUNTIFS(SIMULATION!AR:AR,B12,SIMULATION!E:E,TRUE) | H12: =IFERROR(AVERAGEIFS(SIMULATION!U:U,SIMULATION!AR:AR,B12,SIMULATION!U:U,">"&0),0) | I12: =IFERROR(AVERAGEIFS(SIMULATION!AF:AF,SIMULATION!AR:AR,B12,SIMULATION!AF:AF,">"&0),0) | J12: =SUMIF(SIMULATION!AR:AR,B12,SIMULATION!AJ:AJ)/1000 | K12: =SUMIF(SIMULATION!AR:AR,B12,SIMULATION!AK:AK) | L12: =IFERROR(AVERAGEIFS(SIMULATION!O:O,SIMULATION!AR:AR,B12,SIMULATION!O:O,">"&0),0)
A13: Oct | B13: 10 | C13: =SUMIF(SIMULATION!AR:AR,B13,SIMULATION!AM:AM)/1000 | D13: =SUMIF(SIMULATION!AR:AR,B13,SIMULATION!AN:AN)/1000 | E13: =SUMIF(SIMULATION!AR:AR,B13,SIMULATION!AO:AO)/1000 | F13: =IFERROR(E13/D13,0) | G13: =COUNTIFS(SIMULATION!AR:AR,B13,SIMULATION!E:E,TRUE) | H13: =IFERROR(AVERAGEIFS(SIMULATION!U:U,SIMULATION!AR:AR,B13,SIMULATION!U:U,">"&0),0) | I13: =IFERROR(AVERAGEIFS(SIMULATION!AF:AF,SIMULATION!AR:AR,B13,SIMULATION!AF:AF,">"&0),0) | J13: =SUMIF(SIMULATION!AR:AR,B13,SIMULATION!AJ:AJ)/1000 | K13: =SUMIF(SIMULATION!AR:AR,B13,SIMULATION!AK:AK) | L13: =IFERROR(AVERAGEIFS(SIMULATION!O:O,SIMULATION!AR:AR,B13,SIMULATION!O:O,">"&0),0)
A14: Nov | B14: 11 | C14: =SUMIF(SIMULATION!AR:AR,B14,SIMULATION!AM:AM)/1000 | D14: =SUMIF(SIMULATION!AR:AR,B14,SIMULATION!AN:AN)/1000 | E14: =SUMIF(SIMULATION!AR:AR,B14,SIMULATION!AO:AO)/1000 | F14: =IFERROR(E14/D14,0) | G14: =COUNTIFS(SIMULATION!AR:AR,B14,SIMULATION!E:E,TRUE) | H14: =IFERROR(AVERAGEIFS(SIMULATION!U:U,SIMULATION!AR:AR,B14,SIMULATION!U:U,">"&0),0) | I14: =IFERROR(AVERAGEIFS(SIMULATION!AF:AF,SIMULATION!AR:AR,B14,SIMULATION!AF:AF,">"&0),0) | J14: =SUMIF(SIMULATION!AR:AR,B14,SIMULATION!AJ:AJ)/1000 | K14: =SUMIF(SIMULATION!AR:AR,B14,SIMULATION!AK:AK) | L14: =IFERROR(AVERAGEIFS(SIMULATION!O:O,SIMULATION!AR:AR,B14,SIMULATION!O:O,">"&0),0)
A15: Dec | B15: 12 | C15: =SUMIF(SIMULATION!AR:AR,B15,SIMULATION!AM:AM)/1000 | D15: =SUMIF(SIMULATION!AR:AR,B15,SIMULATION!AN:AN)/1000 | E15: =SUMIF(SIMULATION!AR:AR,B15,SIMULATION!AO:AO)/1000 | F15: =IFERROR(E15/D15,0) | G15: =COUNTIFS(SIMULATION!AR:AR,B15,SIMULATION!E:E,TRUE) | H15: =IFERROR(AVERAGEIFS(SIMULATION!U:U,SIMULATION!AR:AR,B15,SIMULATION!U:U,">"&0),0) | I15: =IFERROR(AVERAGEIFS(SIMULATION!AF:AF,SIMULATION!AR:AR,B15,SIMULATION!AF:AF,">"&0),0) | J15: =SUMIF(SIMULATION!AR:AR,B15,SIMULATION!AJ:AJ)/1000 | K15: =SUMIF(SIMULATION!AR:AR,B15,SIMULATION!AK:AK) | L15: =IFERROR(AVERAGEIFS(SIMULATION!O:O,SIMULATION!AR:AR,B15,SIMULATION!O:O,">"&0),0)
A16: TOTAL | C16: =SUM(C4:C15) | D16: =SUM(D4:D15) | E16: =SUM(E4:E15) | F16: =IFERROR(E16/D16,0) | G16: =SUM(G4:G15) | H16: =IFERROR(AVERAGEIF(SIMULATION!U:U,">"+0),0) | I16: =IFERROR(AVERAGEIF(SIMULATION!AF:AF,">"+0),0) | J16: =SUM(J4:J15) | K16: =SUM(K4:K15) | L16: =IFERROR(AVERAGEIF(SIMULATION!O:O,">"+0),0)

Sheet ANNUAL_SUMMARY
A1: Annual Summary — ACC Adiabatic Relief
A2: ENERGY
A3: E_adi_MWh | B3: =SUM(SIMULATION!AM:AM)/1000 | C3: Total plant energy — adiabatic mode
A4: E_dry_MWh | B4: =SUM(SIMULATION!AN:AN)/1000 | C4: Total plant energy — dry baseline
A5: E_saving_MWh | B5: =SUM(SIMULATION!AO:AO)/1000 | C5: Annual energy saving (dry − adiabatic)
A6: Saving_% | B6: =IFERROR(B5/B4,0) | C6: Energy saving as % of dry baseline
A7: ADIABATIC OPERATION
A8: Adi_hrs | B8: =COUNTIF(SIMULATION!E:E,TRUE) | C8: Hours pads were active
A9: Adi_%_year | B9: =IFERROR(B8/8760,0) | C9: Fraction of year pads active
A10: COP — ADIABATIC MODE
A11: Avg_COP_adi | B11: =IFERROR(AVERAGEIF(SIMULATION!U:U,">"&0),0)
A12: Max_COP_adi | B12: =IFERROR(MAXIFS(SIMULATION!U:U,SIMULATION!U:U,">"&0),0)
A13: Min_COP_adi | B13: =IFERROR(MINIFS(SIMULATION!U:U,SIMULATION!U:U,">"&0),0)
A14: COP — DRY BASELINE
A15: Avg_COP_dry | B15: =IFERROR(AVERAGEIF(SIMULATION!AF:AF,">"&0),0)
A16: Max_COP_dry | B16: =IFERROR(MAXIFS(SIMULATION!AF:AF,SIMULATION!AF:AF,">"&0),0)
A17: Min_COP_dry | B17: =IFERROR(MINIFS(SIMULATION!AF:AF,SIMULATION!AF:AF,">"&0),0)
A18: LOAD COVERAGE
A19: Q_served_MWh | B19: =SUM(SIMULATION!AJ:AJ)/1000 | C19: Total cooling delivered
A20: Q_unmet_kWh | B20: =SUM(SIMULATION!AK:AK) | C20: Total unmet cooling load
A21: Overcap_hrs | B21: =COUNTIF(SIMULATION!AP:AP,TRUE) | C21: Hours chiller was over-capacity
A22: LowPLR_hrs | B22: =COUNTIF(SIMULATION!AQ:AQ,TRUE) | C22: Hours PLR below PLR_MIN threshold
A23: VERIFICATION CHECKS
A24: T_eff_below_Twb_count | B24: =SUMPRODUCT((SIMULATION!F4:F8763<SIMULATION!C4:C8763)*1) | C24: Should be 0 — T_odb_eff must not go below T_wb
A25: C_NORM_CAP | B25: =C_NORM_CAP | C25: Capacity curve norm (raw value, pre-division)
A26: C_NORM_EIR | B26: =C_NORM_EIR | C26: EIR temp curve norm
A27: C_NORM_PT | B27: =C_NORM_PT | C27: EIR part-load curve norm
